"mineral","page","image_path","image_source"
"Aluminum","Aluminium","mineral_images/aluminum.jpg","https://en.wikipedia.org/wiki/Aluminium"
"Antimony","Antimony","mineral_images/antimony.jpg","https://en.wikipedia.org/wiki/Antimony"
"Bismuth","Bismuth","mineral_images/bismuth.jpg","https://en.wikipedia.org/wiki/Bismuth"
"Cesium","Caesium","mineral_images/cesium.jpg","https://en.wikipedia.org/wiki/Caesium"
"Chromium","Chromium","mineral_images/chromium.jpg","https://en.wikipedia.org/wiki/Chromium"
"Cobalt","Cobalt","mineral_images/cobalt.jpg","https://images-of-elements.com/s/cobalt.jpg"
"Copper","Copper","mineral_images/copper.jpg","https://commons.wikimedia.org/wiki/Special:FilePath/NatCopper.jpg"
"Fluorspar","Fluorite","mineral_images/fluorspar.jpg","https://www.virtualmuseumofgeology.com/uploads/9/9/0/1/9901881/fluorite.jpg"
"Gallium","Gallium","mineral_images/gallium.png","https://en.wikipedia.org/wiki/Gallium"
"Germanium","Germanium","mineral_images/germanium.jpg","https://commons.wikimedia.org/wiki/Special:FilePath/Polycrystalline-germanium.jpg"
"Graphite","Graphite","mineral_images/graphite.jpg","https://commons.wikimedia.org/wiki/Special:FilePath/Graphite-233436.jpg"
"Helium","Helium","mineral_images/helium.jpg","https://commons.wikimedia.org/wiki/Special:FilePath/Helium_discharge_tube.jpg"
"High-purity iron ore","Iron ore","mineral_images/high_purity_iron_ore.jpg","https://commons.wikimedia.org/wiki/Special:FilePath/Hematite.jpg"
"Indium","Indium","mineral_images/indium.jpg","https://en.wikipedia.org/wiki/Indium"
"Lithium","Lithium","mineral_images/lithium.jpg","https://en.wikipedia.org/wiki/Lithium"
"Magnesium","Magnesium","mineral_images/magnesium.jpg","https://en.wikipedia.org/wiki/Magnesium"
"Manganese","Manganese","mineral_images/manganese.jpg","https://en.wikipedia.org/wiki/Manganese"
"Molybdenum","Molybdenum","mineral_images/molybdenum.jpg","https://en.wikipedia.org/wiki/Molybdenum"
"Nickel","Nickel","mineral_images/nickel.jpg","https://images-of-elements.com/s/nickel.jpg"
"Niobium","Niobium","mineral_images/niobium.jpg","https://en.wikipedia.org/wiki/Niobium"
"Phosphorus","Phosphorus","mineral_images/phosphorus.jpg","https://images-of-elements.com/s/phosphorus.jpg"
"Platinum group metals","Platinum","mineral_images/platinum_group_metals.jpg","https://en.wikipedia.org/wiki/Platinum"
"Potash","Potash","mineral_images/potash.jpg","https://commons.wikimedia.org/wiki/Special:FilePath/PotashUSGOV.jpg"
"Rare earth elements","Rare-earth element","mineral_images/rare_earth_elements.jpg","https://en.wikipedia.org/wiki/Rare-earth_element"
"Scandium","Scandium","mineral_images/scandium.jpg","https://en.wikipedia.org/wiki/Scandium"
"Silicon metal","Silicon","mineral_images/silicon_metal.jpg","https://commons.wikimedia.org/wiki/Special:FilePath/SiliconCroda.jpg"
"Tantalum","Tantalum","mineral_images/tantalum.jpg","https://images-of-elements.com/s/tantalum.jpg"
"Tellurium","Tellurium","mineral_images/tellurium.jpg","https://commons.wikimedia.org/wiki/Special:FilePath/Tellurium_crystal.jpg"
"Tin","Tin","mineral_images/tin.jpg","https://commons.wikimedia.org/wiki/Special:FilePath/Tin-2.jpg"
"Titanium","Titanium","mineral_images/titanium.jpg","https://images-of-elements.com/s/titanium.jpg"
"Tungsten","Tungsten","mineral_images/tungsten.jpg","https://images-of-elements.com/s/tungsten.jpg"
"Uranium","Uranium","mineral_images/uranium.jpg","https://en.wikipedia.org/wiki/Uranium"
"Vanadium","Vanadium","mineral_images/vanadium.jpg","https://images-of-elements.com/s/vanadium.jpg"
"Zinc","Zinc","mineral_images/zinc.jpg","https://en.wikipedia.org/wiki/Zinc"
